Year,Country,wealth_top10,wealth_top1,income_top1,income_top10
1810,France,0.79878781686867,0.455931513056249,NA,NA
1810,UK,0.829,0.549,NA,NA
1810,US,0.58,0.25,NA,NA
1810,Sweden,0.839,0.559,NA,NA
1820,France,0.818442835829554,0.467150190087546,NA,NA
1820,UK,NA,NA,NA,NA
1820,US,NA,NA,NA,NA
1820,Sweden,NA,NA,NA,NA
1830,France,0.832211034021238,0.47500879196032,NA,NA
1830,UK,NA,NA,NA,NA
1830,US,NA,NA,NA,NA
1830,Sweden,NA,NA,NA,NA
1840,France,0.804144846931729,0.459551433617432,NA,NA
1840,UK,NA,NA,NA,NA
1840,US,NA,NA,NA,NA
1840,Sweden,NA,NA,NA,NA
1850,France,0.82439427798708,0.502701695220301,NA,NA
1850,UK,NA,NA,NA,NA
1850,US,NA,NA,NA,NA
1850,Sweden,NA,NA,NA,NA
1860,France,0.837101868012441,0.519953562384069,NA,NA
1860,UK,NA,NA,NA,NA
1860,US,NA,NA,NA,NA
1860,Sweden,NA,NA,NA,NA
1870,France,0.81811647781711,0.503558269538767,NA,NA
1870,UK,0.871,0.611,NA,NA
1870,US,0.71,0.32,NA,NA
1870,Sweden,0.87165,0.57265,NA,NA
1880,France,0.84641240257851,0.495072187792542,NA,NA
1880,UK,NA,NA,NA,NA
1880,US,NA,NA,NA,NA
1880,Sweden,NA,NA,NA,NA
1890,France,0.847449379255033,0.511421989627386,NA,NA
1890,UK,NA,NA,NA,NA
1890,US,NA,NA,NA,NA
1890,Sweden,NA,NA,NA,NA
1900,France,0.873418055032107,0.5866712575762,NA,0.46
1900,UK,NA,NA,NA,0.47
1900,US,NA,NA,NA,0.41
1900,Sweden,NA,NA,NA,0.46
1910,France,0.884961330473844,0.604994519653366,0.205,0.47
1910,UK,0.92,0.69,NA,0.47
1910,US,0.811297513690588,0.451297513690588,0.178,0.41
1910,Sweden,0.8815,0.611,NA,0.46
1920,France,0.816562788933004,0.49234387142014,0.18,0.42
1920,UK,0.89,0.61,NA,0.41
1920,US,0.797269016133692,0.437269016133692,0.148,0.45
1920,Sweden,0.8769,0.5379,NA,0.36
1930,France,0.799586263520554,0.473513601030991,0.153,0.43
1930,UK,0.85,0.55,NA,0.39
1930,US,0.734059634212632,0.374059634212632,0.172,0.45
1930,Sweden,0.8355,0.4277,NA,0.38
1940,France,0.757792254497076,0.363026030320838,0.134,0.33
1940,UK,NA,NA,NA,0.34
1940,US,0.66389486443707,0.30389486443707,0.165,0.36
1940,Sweden,0.8317,0.3769,NA,0.33
1950,France,0.727964700714564,0.334032558612811,0.09,0.34
1950,UK,0.76,0.472,NA,0.3
1950,US,0.656655352372867,0.296655352372867,0.128,0.34
1950,Sweden,0.7729,0.3281,NA,0.29
1960,France,0.699426258702717,0.318964076428364,0.097,0.36
1960,UK,0.715,0.339,NA,0.29
1960,US,0.67,0.314,0.1,0.34
1960,Sweden,0.6323,0.2341,NA,0.3
1970,France,0.62,0.22,0.083,0.33
1970,UK,0.641,0.226,NA,0.28
1970,US,0.641820011373607,0.281820011373607,0.09,0.33
1970,Sweden,0.547,0.177,NA,0.26
1980,France,0.618427634233915,0.220198834558972,0.076,0.31
1980,UK,0.626,0.227,NA,0.33
1980,US,0.672,0.301,0.1,0.37
1980,Sweden,0.534,0.165,NA,0.22
1990,France,0.609621593402686,0.217063334428035,0.082,0.32
1990,UK,0.64,0.24,NA,0.38
1990,US,0.687,0.329,0.143,0.42
1990,Sweden,0.577,0.195,NA,0.25
2000,France,0.621,0.235,0.083,0.33
2000,UK,0.685,0.27,NA,0.4
2000,US,0.6965,0.3305,0.215,0.47
2000,Sweden,0.5781,0.2048,NA,0.27
2010,France,0.624,0.244,0.088,0.33
2010,UK,0.705,0.28,NA,0.42
2010,US,0.715,0.338,0.198,0.48
2010,Sweden,0.5877,0.2071,NA,0.28
1900,Canada,NA,NA,NA,NA
1900,Australia,NA,NA,NA,NA
1900,New-Zealand,NA,NA,NA,NA
1900,Denmark,NA,NA,NA,NA
1900,Italy,NA,NA,NA,NA
1900,Holland,NA,NA,NA,NA
1900,Spain,NA,NA,NA,NA
1901,Canada,NA,NA,NA,NA
1901,Australia,NA,NA,NA,NA
1901,New-Zealand,NA,NA,NA,NA
1901,Denmark,NA,NA,NA,NA
1901,Italy,NA,NA,NA,NA
1901,Holland,NA,NA,NA,NA
1901,Spain,NA,NA,NA,NA
1901,France,NA,NA,NA,NA
1901,US,NA,NA,NA,NA
1902,Canada,NA,NA,NA,NA
1902,Australia,NA,NA,NA,NA
1902,New-Zealand,NA,NA,NA,NA
1902,Denmark,NA,NA,NA,NA
1902,Italy,NA,NA,NA,NA
1902,Holland,NA,NA,NA,NA
1902,Spain,NA,NA,NA,NA
1902,France,NA,NA,NA,NA
1902,US,NA,NA,NA,NA
1903,Canada,NA,NA,NA,NA
1903,Australia,NA,NA,NA,NA
1903,New-Zealand,NA,NA,NA,NA
1903,Denmark,NA,NA,0.162,NA
1903,Italy,NA,NA,NA,NA
1903,Holland,NA,NA,NA,NA
1903,Spain,NA,NA,NA,NA
1903,France,NA,NA,NA,NA
1903,US,NA,NA,NA,NA
1904,Canada,NA,NA,NA,NA
1904,Australia,NA,NA,NA,NA
1904,New-Zealand,NA,NA,NA,NA
1904,Denmark,NA,NA,NA,NA
1904,Italy,NA,NA,NA,NA
1904,Holland,NA,NA,NA,NA
1904,Spain,NA,NA,NA,NA
1904,France,NA,NA,NA,NA
1904,US,NA,NA,NA,NA
1905,Canada,NA,NA,NA,NA
1905,Australia,NA,NA,NA,NA
1905,New-Zealand,NA,NA,NA,NA
1905,Denmark,NA,NA,NA,NA
1905,Italy,NA,NA,NA,NA
1905,Holland,NA,NA,NA,NA
1905,Spain,NA,NA,NA,NA
1905,France,NA,NA,NA,NA
1905,US,NA,NA,NA,NA
1906,Canada,NA,NA,NA,NA
1906,Australia,NA,NA,NA,NA
1906,New-Zealand,NA,NA,NA,NA
1906,Denmark,NA,NA,NA,NA
1906,Italy,NA,NA,NA,NA
1906,Holland,NA,NA,NA,NA
1906,Spain,NA,NA,NA,NA
1906,France,NA,NA,NA,NA
1906,US,NA,NA,NA,NA
1907,Canada,NA,NA,NA,NA
1907,Australia,NA,NA,NA,NA
1907,New-Zealand,NA,NA,NA,NA
1907,Denmark,NA,NA,NA,NA
1907,Italy,NA,NA,NA,NA
1907,Holland,NA,NA,NA,NA
1907,Spain,NA,NA,NA,NA
1907,France,NA,NA,NA,NA
1907,US,NA,NA,NA,NA
1908,Canada,NA,NA,NA,NA
1908,Australia,NA,NA,NA,NA
1908,New-Zealand,NA,NA,NA,NA
1908,Denmark,NA,NA,0.165,NA
1908,Italy,NA,NA,NA,NA
1908,Holland,NA,NA,NA,NA
1908,Spain,NA,NA,NA,NA
1908,France,NA,NA,NA,NA
1908,US,NA,NA,NA,NA
1909,Canada,NA,NA,NA,NA
1909,Australia,NA,NA,NA,NA
1909,New-Zealand,NA,NA,NA,NA
1909,Denmark,NA,NA,NA,NA
1909,Italy,NA,NA,NA,NA
1909,Holland,NA,NA,NA,NA
1909,Spain,NA,NA,NA,NA
1909,France,NA,NA,NA,NA
1909,US,NA,NA,NA,NA
1910,Canada,NA,NA,NA,NA
1910,Australia,NA,NA,NA,NA
1910,New-Zealand,NA,NA,NA,NA
1910,Denmark,NA,NA,0.2,NA
1910,Italy,NA,NA,NA,NA
1910,Holland,NA,NA,NA,NA
1910,Spain,NA,NA,NA,NA
1911,Canada,NA,NA,NA,NA
1911,Australia,NA,NA,NA,NA
1911,New-Zealand,NA,NA,NA,NA
1911,Denmark,NA,NA,NA,NA
1911,Italy,NA,NA,NA,NA
1911,Holland,NA,NA,NA,NA
1911,Spain,NA,NA,NA,NA
1911,France,NA,NA,0.208,NA
1911,US,NA,NA,0.179,NA
1912,Canada,NA,NA,NA,NA
1912,Australia,NA,NA,NA,NA
1912,New-Zealand,NA,NA,NA,NA
1912,Denmark,NA,NA,NA,NA
1912,Italy,NA,NA,NA,NA
1912,Holland,NA,NA,NA,NA
1912,Spain,NA,NA,NA,NA
1912,France,NA,NA,0.208,NA
1912,US,NA,NA,0.18,NA
1913,Canada,NA,NA,NA,NA
1913,Australia,NA,NA,NA,NA
1913,New-Zealand,NA,NA,NA,NA
1913,Denmark,NA,NA,NA,NA
1913,Italy,NA,NA,NA,NA
1913,Holland,NA,NA,NA,NA
1913,Spain,NA,NA,NA,NA
1913,France,NA,NA,0.21,NA
1913,US,NA,NA,0.18,NA
1914,Canada,NA,NA,NA,NA
1914,Australia,NA,NA,NA,NA
1914,New-Zealand,NA,NA,NA,NA
1914,Denmark,NA,NA,NA,NA
1914,Italy,NA,NA,NA,NA
1914,Holland,NA,NA,0.21,NA
1914,Spain,NA,NA,NA,NA
1914,France,NA,NA,0.208,NA
1914,US,NA,NA,0.182,NA
1915,Canada,NA,NA,NA,NA
1915,Australia,NA,NA,NA,NA
1915,New-Zealand,NA,NA,NA,NA
1915,Denmark,NA,NA,0.235,NA
1915,Italy,NA,NA,NA,NA
1915,Holland,NA,NA,0.236,NA
1915,Spain,NA,NA,NA,NA
1915,France,NA,NA,0.183,NA
1915,US,NA,NA,0.176,NA
1916,Canada,NA,NA,NA,NA
1916,Australia,NA,NA,NA,NA
1916,New-Zealand,NA,NA,NA,NA
1916,Denmark,NA,NA,NA,NA
1916,Italy,NA,NA,NA,NA
1916,Holland,NA,NA,0.239,NA
1916,Spain,NA,NA,NA,NA
1916,France,NA,NA,0.207,NA
1916,US,NA,NA,0.193,NA
1917,Canada,NA,NA,NA,NA
1917,Australia,NA,NA,NA,NA
1917,New-Zealand,NA,NA,NA,NA
1917,Denmark,NA,NA,0.236,NA
1917,Italy,NA,NA,NA,NA
1917,Holland,NA,NA,0.235,NA
1917,Spain,NA,NA,NA,NA
1917,France,NA,NA,0.201,NA
1917,US,NA,NA,0.177,NA
1918,Canada,NA,NA,NA,NA
1918,Australia,NA,NA,NA,NA
1918,New-Zealand,NA,NA,NA,NA
1918,Denmark,NA,NA,0.231,NA
1918,Italy,NA,NA,NA,NA
1918,Holland,NA,NA,0.22,NA
1918,Spain,NA,NA,NA,NA
1918,France,NA,NA,0.18,NA
1918,US,NA,NA,0.16,NA
1919,Canada,NA,NA,NA,NA
1919,Australia,NA,NA,NA,NA
1919,New-Zealand,NA,NA,NA,NA
1919,Denmark,NA,NA,0.213,NA
1919,Italy,NA,NA,NA,NA
1919,Holland,NA,NA,0.237,NA
1919,Spain,NA,NA,NA,NA
1919,France,NA,NA,0.195,NA
1919,US,NA,NA,0.164,NA
1920,Canada,NA,NA,0.144,NA
1920,Australia,NA,NA,NA,NA
1920,New-Zealand,NA,NA,NA,NA
1920,Denmark,NA,NA,0.153,NA
1920,Italy,NA,NA,NA,NA
1920,Holland,NA,NA,0.206,NA
1920,Spain,NA,NA,NA,NA
1921,Canada,NA,NA,0.176,NA
1921,Australia,NA,NA,0.116,NA
1921,New-Zealand,NA,NA,0.113,NA
1921,Denmark,NA,NA,0.128,NA
1921,Italy,NA,NA,NA,NA
1921,Holland,NA,NA,0.183,NA
1921,Spain,NA,NA,NA,NA
1921,France,NA,NA,0.173,NA
1921,US,NA,NA,0.156,NA
1922,Canada,NA,NA,0.152,NA
1922,Australia,NA,NA,0.107,NA
1922,New-Zealand,NA,NA,0.105,NA
1922,Denmark,NA,NA,0.128,NA
1922,Italy,NA,NA,NA,NA
1922,Holland,NA,NA,0.168,NA
1922,Spain,NA,NA,NA,NA
1922,France,NA,NA,0.179,NA
1922,US,NA,NA,0.171,NA
1923,Canada,NA,NA,0.144,NA
1923,Australia,NA,NA,0.118,NA
1923,New-Zealand,NA,NA,0.109,NA
1923,Denmark,NA,NA,0.139,NA
1923,Italy,NA,NA,NA,NA
1923,Holland,NA,NA,0.165,NA
1923,Spain,NA,NA,NA,NA
1923,France,NA,NA,0.189,NA
1923,US,NA,NA,0.156,NA
1924,Canada,NA,NA,0.145,NA
1924,Australia,NA,NA,0.117,NA
1924,New-Zealand,NA,NA,0.109,NA
1924,Denmark,NA,NA,0.138,NA
1924,Italy,NA,NA,NA,NA
1924,Holland,NA,NA,0.173,NA
1924,Spain,NA,NA,NA,NA
1924,France,NA,NA,0.18,NA
1924,US,NA,NA,0.174,NA
1925,Canada,NA,NA,0.132,NA
1925,Australia,NA,NA,0.113,NA
1925,New-Zealand,NA,NA,0.111,NA
1925,Denmark,NA,NA,0.125,NA
1925,Italy,NA,NA,NA,NA
1925,Holland,NA,NA,0.178,NA
1925,Spain,NA,NA,NA,NA
1925,France,NA,NA,0.182,NA
1925,US,NA,NA,0.202,NA
1926,Canada,NA,NA,0.14,NA
1926,Australia,NA,NA,0.111,NA
1926,New-Zealand,NA,NA,0.108,NA
1926,Denmark,NA,NA,0.121,NA
1926,Italy,NA,NA,NA,NA
1926,Holland,NA,NA,0.18,NA
1926,Spain,NA,NA,NA,NA
1926,France,NA,NA,0.178,NA
1926,US,NA,NA,0.199,NA
1927,Canada,NA,NA,0.147,NA
1927,Australia,NA,NA,0.117,NA
1927,New-Zealand,NA,NA,0.106,NA
1927,Denmark,NA,NA,0.13,NA
1927,Italy,NA,NA,NA,NA
1927,Holland,NA,NA,0.184,NA
1927,Spain,NA,NA,NA,NA
1927,France,NA,NA,0.175,NA
1927,US,NA,NA,0.21,NA
1928,Canada,NA,NA,0.153,NA
1928,Australia,NA,NA,0.119,NA
1928,New-Zealand,NA,NA,0.115,NA
1928,Denmark,NA,NA,0.133,NA
1928,Italy,NA,NA,NA,NA
1928,Holland,NA,NA,0.186,NA
1928,Spain,NA,NA,NA,NA
1928,France,NA,NA,0.173,NA
1928,US,NA,NA,0.239,NA
1929,Canada,NA,NA,0.156,NA
1929,Australia,NA,NA,0.107,NA
1929,New-Zealand,NA,NA,0.11,NA
1929,Denmark,NA,NA,0.133,NA
1929,Italy,NA,NA,NA,NA
1929,Holland,NA,NA,0.181,NA
1929,Spain,NA,NA,NA,NA
1929,France,NA,NA,0.162,NA
1929,US,NA,NA,0.224,NA
1930,Canada,NA,NA,0.161,NA
1930,Australia,NA,NA,0.098,NA
1930,New-Zealand,NA,NA,0.106,NA
1930,Denmark,NA,NA,0.133,NA
1930,Italy,NA,NA,NA,NA
1930,Holland,NA,NA,0.172,NA
1930,Spain,NA,NA,NA,NA
1931,Canada,NA,NA,0.166,NA
1931,Australia,NA,NA,0.093,NA
1931,New-Zealand,NA,NA,NA,NA
1931,Denmark,NA,NA,0.134,NA
1931,Italy,NA,NA,NA,NA
1931,Holland,NA,NA,0.156,NA
1931,Spain,NA,NA,NA,NA
1931,France,NA,NA,0.146,NA
1931,US,NA,NA,0.155,NA
1932,Canada,NA,NA,0.177,NA
1932,Australia,NA,NA,0.093,NA
1932,New-Zealand,NA,NA,NA,NA
1932,Denmark,NA,NA,0.135,NA
1932,Italy,NA,NA,NA,NA
1932,Holland,NA,NA,0.144,NA
1932,Spain,NA,NA,NA,NA
1932,France,NA,NA,0.148,NA
1932,US,NA,NA,0.156,NA
1933,Canada,NA,NA,0.18,NA
1933,Australia,NA,NA,0.103,NA
1933,New-Zealand,NA,NA,0.109,NA
1933,Denmark,NA,NA,0.139,NA
1933,Italy,NA,NA,NA,NA
1933,Holland,NA,NA,0.142,NA
1933,Spain,NA,NA,0.139,NA
1933,France,NA,NA,0.15,NA
1933,US,NA,NA,0.165,NA
1934,Canada,NA,NA,0.175,NA
1934,Australia,NA,NA,0.104,NA
1934,New-Zealand,NA,NA,0.104,NA
1934,Denmark,NA,NA,0.144,NA
1934,Italy,NA,NA,NA,NA
1934,Holland,NA,NA,0.14,NA
1934,Spain,NA,NA,0.139,NA
1934,France,NA,NA,0.153,NA
1934,US,NA,NA,0.164,NA
1935,Canada,NA,NA,0.17,NA
1935,Australia,NA,NA,0.105,NA
1935,New-Zealand,NA,NA,0.104,NA
1935,Denmark,NA,NA,0.142,NA
1935,Italy,NA,NA,NA,NA
1935,Holland,NA,NA,0.14,NA
1935,Spain,NA,NA,0.148,NA
1935,France,NA,NA,0.154,NA
1935,US,NA,NA,0.167,NA
1936,Canada,NA,NA,0.175,NA
1936,Australia,NA,NA,0.113,NA
1936,New-Zealand,NA,NA,0.107,NA
1936,Denmark,NA,NA,0.144,NA
1936,Italy,NA,NA,NA,NA
1936,Holland,NA,NA,0.148,NA
1936,Spain,NA,NA,NA,NA
1936,France,NA,NA,0.147,NA
1936,US,NA,NA,0.193,NA
1937,Canada,NA,NA,0.163,NA
1937,Australia,NA,NA,0.098,NA
1937,New-Zealand,NA,NA,0.083,NA
1937,Denmark,NA,NA,0.143,NA
1937,Italy,NA,NA,NA,NA
1937,Holland,NA,NA,0.161,NA
1937,Spain,NA,NA,NA,NA
1937,France,NA,NA,0.145,NA
1937,US,NA,NA,0.172,NA
1938,Canada,NA,NA,0.184,NA
1938,Australia,NA,NA,0.104,NA
1938,New-Zealand,NA,NA,0.073,NA
1938,Denmark,NA,NA,0.133,NA
1938,Italy,NA,NA,NA,NA
1938,Holland,NA,NA,0.157,NA
1938,Spain,NA,NA,NA,NA
1938,France,NA,NA,0.143,NA
1938,US,NA,NA,0.158,NA
1939,Canada,NA,NA,0.169,NA
1939,Australia,NA,NA,0.107,NA
1939,New-Zealand,NA,NA,0.079,NA
1939,Denmark,NA,NA,0.135,NA
1939,Italy,NA,NA,NA,NA
1939,Holland,NA,NA,0.158,NA
1939,Spain,NA,NA,NA,NA
1939,France,NA,NA,0.133,NA
1939,US,NA,NA,0.162,NA
1940,Canada,NA,NA,0.147,NA
1940,Australia,NA,NA,0.103,NA
1940,New-Zealand,NA,NA,0.074,NA
1940,Denmark,NA,NA,0.138,NA
1940,Italy,NA,NA,NA,NA
1940,Holland,NA,NA,NA,NA
1940,Spain,NA,NA,0.132,NA
1941,Canada,NA,NA,0.133,NA
1941,Australia,NA,NA,0.108,NA
1941,New-Zealand,NA,NA,NA,NA
1941,Denmark,NA,NA,0.137,NA
1941,Italy,NA,NA,NA,NA
1941,Holland,NA,NA,0.176,NA
1941,Spain,NA,NA,0.137,NA
1941,France,NA,NA,0.129,NA
1941,US,NA,NA,0.158,NA
1942,Canada,NA,NA,0.113,NA
1942,Australia,NA,NA,0.104,NA
1942,New-Zealand,NA,NA,NA,NA
1942,Denmark,NA,NA,0.134,NA
1942,Italy,NA,NA,NA,NA
1942,Holland,NA,NA,NA,NA
1942,Spain,NA,NA,0.124,NA
1942,France,NA,NA,0.115,NA
1942,US,NA,NA,0.134,NA
1943,Canada,NA,NA,0.107,NA
1943,Australia,NA,NA,0.105,NA
1943,New-Zealand,NA,NA,NA,NA
1943,Denmark,NA,NA,0.121,NA
1943,Italy,NA,NA,NA,NA
1943,Holland,NA,NA,NA,NA
1943,Spain,NA,NA,0.121,NA
1943,France,NA,NA,0.101,NA
1943,US,NA,NA,0.123,NA
1944,Canada,NA,NA,0.1,NA
1944,Australia,NA,NA,0.09,NA
1944,New-Zealand,NA,NA,NA,NA
1944,Denmark,NA,NA,0.112,NA
1944,Italy,NA,NA,NA,NA
1944,Holland,NA,NA,NA,NA
1944,Spain,NA,NA,0.114,NA
1944,France,NA,NA,0.084,NA
1944,US,NA,NA,0.113,NA
1945,Canada,NA,NA,0.101,NA
1945,Australia,NA,NA,0.084,NA
1945,New-Zealand,NA,NA,0.069,NA
1945,Denmark,NA,NA,0.114,NA
1945,Italy,NA,NA,NA,NA
1945,Holland,NA,NA,NA,NA
1945,Spain,NA,NA,0.118,NA
1945,France,NA,NA,0.075,NA
1945,US,NA,NA,0.125,NA
1946,Canada,NA,NA,0.107,NA
1946,Australia,NA,NA,0.095,NA
1946,New-Zealand,NA,NA,0.075,NA
1946,Denmark,NA,NA,0.106,NA
1946,Italy,NA,NA,NA,NA
1946,Holland,NA,NA,0.129,NA
1946,Spain,NA,NA,0.113,NA
1946,France,NA,NA,0.092,NA
1946,US,NA,NA,0.133,NA
1947,Canada,NA,NA,0.11,NA
1947,Australia,NA,NA,0.106,NA
1947,New-Zealand,NA,NA,0.077,NA
1947,Denmark,NA,NA,0.107,NA
1947,Italy,NA,NA,NA,NA
1947,Holland,NA,NA,NA,NA
1947,Spain,NA,NA,0.1,NA
1947,France,NA,NA,0.092,NA
1947,US,NA,NA,0.12,NA
1948,Canada,NA,NA,0.104,NA
1948,Australia,NA,NA,0.108,NA
1948,New-Zealand,NA,NA,0.077,NA
1948,Denmark,NA,NA,0.099,NA
1948,Italy,NA,NA,NA,NA
1948,Holland,NA,NA,NA,NA
1948,Spain,NA,NA,0.097,NA
1948,France,NA,NA,0.088,NA
1948,US,NA,NA,0.122,NA
1949,Canada,NA,NA,0.107,NA
1949,Australia,NA,NA,0.113,NA
1949,New-Zealand,NA,NA,0.08,NA
1949,Denmark,NA,NA,0.097,NA
1949,Italy,NA,NA,NA,NA
1949,Holland,NA,NA,NA,NA
1949,Spain,NA,NA,0.096,NA
1949,France,NA,NA,0.09,NA
1949,US,NA,NA,0.117,NA
1950,Canada,NA,NA,0.109,NA
1950,Australia,NA,NA,0.121,NA
1950,New-Zealand,NA,NA,0.094,NA
1950,Denmark,NA,NA,0.094,NA
1950,Italy,NA,NA,NA,NA
1950,Holland,NA,NA,0.121,NA
1950,Spain,NA,NA,0.088,NA
1951,Canada,NA,NA,0.1,NA
1951,Australia,NA,NA,0.091,NA
1951,New-Zealand,NA,NA,0.079,NA
1951,Denmark,NA,NA,0.093,NA
1951,Italy,NA,NA,NA,NA
1951,Holland,NA,NA,NA,NA
1951,Spain,NA,NA,0.082,NA
1951,France,NA,NA,0.09,NA
1951,US,NA,NA,0.118,NA
1952,Canada,NA,NA,0.098,NA
1952,Australia,NA,NA,0.09,NA
1952,New-Zealand,NA,NA,0.079,NA
1952,Denmark,NA,NA,0.091,NA
1952,Italy,NA,NA,NA,NA
1952,Holland,NA,NA,0.126,NA
1952,Spain,NA,NA,0.084,NA
1952,France,NA,NA,0.092,NA
1952,US,NA,NA,0.108,NA
1953,Canada,NA,NA,0.099,NA
1953,Australia,NA,NA,0.087,NA
1953,New-Zealand,NA,NA,0.099,NA
1953,Denmark,NA,NA,0.09,NA
1953,Italy,NA,NA,NA,NA
1953,Holland,NA,NA,0.12,NA
1953,Spain,NA,NA,0.083,NA
1953,France,NA,NA,0.09,NA
1953,US,NA,NA,0.099,NA
1954,Canada,NA,NA,0.103,NA
1954,Australia,NA,NA,0.081,NA
1954,New-Zealand,NA,NA,0.095,NA
1954,Denmark,NA,NA,0.087,NA
1954,Italy,NA,NA,NA,NA
1954,Holland,NA,NA,NA,NA
1954,Spain,NA,NA,0.09,NA
1954,France,NA,NA,0.091,NA
1954,US,NA,NA,0.108,NA
1955,Canada,NA,NA,0.102,NA
1955,Australia,NA,NA,0.075,NA
1955,New-Zealand,NA,NA,0.088,NA
1955,Denmark,NA,NA,0.088,NA
1955,Italy,NA,NA,NA,NA
1955,Holland,NA,NA,NA,NA
1955,Spain,NA,NA,0.093,NA
1955,France,NA,NA,0.093,NA
1955,US,NA,NA,0.111,NA
1956,Canada,NA,NA,0.096,NA
1956,Australia,NA,NA,0.079,NA
1956,New-Zealand,NA,NA,0.089,NA
1956,Denmark,NA,NA,0.09,NA
1956,Italy,NA,NA,NA,NA
1956,Holland,NA,NA,NA,NA
1956,Spain,NA,NA,NA,NA
1956,France,NA,NA,0.094,NA
1956,US,NA,NA,0.107,NA
1957,Canada,NA,NA,0.096,NA
1957,Australia,NA,NA,0.07,NA
1957,New-Zealand,NA,NA,0.087,NA
1957,Denmark,NA,NA,0.083,NA
1957,Italy,NA,NA,NA,NA
1957,Holland,NA,NA,0.104,NA
1957,Spain,NA,NA,0.083,NA
1957,France,NA,NA,0.094,NA
1957,US,NA,NA,0.102,NA
1958,Canada,NA,NA,0.099,NA
1958,Australia,NA,NA,0.074,NA
1958,New-Zealand,NA,NA,0.073,NA
1958,Denmark,NA,NA,0.086,NA
1958,Italy,NA,NA,NA,NA
1958,Holland,NA,NA,0.113,NA
1958,Spain,NA,NA,0.08,NA
1958,France,NA,NA,0.09,NA
1958,US,NA,NA,0.102,NA
1959,Canada,NA,NA,0.097,NA
1959,Australia,NA,NA,0.074,NA
1959,New-Zealand,NA,NA,0.076,NA
1959,Denmark,NA,NA,0.087,NA
1959,Italy,NA,NA,NA,NA
1959,Holland,NA,NA,0.104,NA
1959,Spain,NA,NA,0.082,NA
1959,France,NA,NA,0.095,NA
1959,US,NA,NA,0.107,NA
1960,Canada,NA,NA,0.098,NA
1960,Australia,NA,NA,0.071,NA
1960,New-Zealand,NA,NA,0.074,NA
1960,Denmark,NA,NA,0.086,NA
1960,Italy,NA,NA,NA,NA
1960,Holland,NA,NA,NA,NA
1960,Spain,NA,NA,NA,NA
1961,Canada,NA,NA,0.099,NA
1961,Australia,NA,NA,0.071,NA
1961,New-Zealand,NA,NA,NA,NA
1961,Denmark,NA,NA,0.085,NA
1961,Italy,NA,NA,NA,NA
1961,Holland,NA,NA,NA,NA
1961,Spain,NA,NA,0.075,NA
1961,France,NA,NA,0.099,NA
1961,US,NA,NA,0.106,NA
1962,Canada,NA,NA,0.094,NA
1962,Australia,NA,NA,0.072,NA
1962,New-Zealand,NA,NA,0.073,NA
1962,Denmark,NA,NA,0.085,NA
1962,Italy,NA,NA,NA,NA
1962,Holland,NA,NA,0.106,NA
1962,Spain,NA,NA,NA,NA
1962,France,NA,NA,0.095,NA
1962,US,NA,NA,0.1,NA
1963,Canada,NA,NA,0.091,NA
1963,Australia,NA,NA,0.074,NA
1963,New-Zealand,NA,NA,0.073,NA
1963,Denmark,NA,NA,0.081,NA
1963,Italy,NA,NA,NA,NA
1963,Holland,NA,NA,NA,NA
1963,Spain,NA,NA,NA,NA
1963,France,NA,NA,0.094,NA
1963,US,NA,NA,0.099,NA
1964,Canada,NA,NA,0.094,NA
1964,Australia,NA,NA,0.068,NA
1964,New-Zealand,NA,NA,0.074,NA
1964,Denmark,NA,NA,0.079,NA
1964,Italy,NA,NA,NA,NA
1964,Holland,NA,NA,0.101,NA
1964,Spain,NA,NA,NA,NA
1964,France,NA,NA,0.096,NA
1964,US,NA,NA,0.105,NA
1965,Canada,NA,NA,0.092,NA
1965,Australia,NA,NA,0.067,NA
1965,New-Zealand,NA,NA,0.067,NA
1965,Denmark,NA,NA,0.078,NA
1965,Italy,NA,NA,NA,NA
1965,Holland,NA,NA,NA,NA
1965,Spain,NA,NA,NA,NA
1965,France,NA,NA,0.096,NA
1965,US,NA,NA,0.109,NA
1966,Canada,NA,NA,0.089,NA
1966,Australia,NA,NA,0.065,NA
1966,New-Zealand,NA,NA,0.066,NA
1966,Denmark,NA,NA,0.078,NA
1966,Italy,NA,NA,NA,NA
1966,Holland,NA,NA,0.095,NA
1966,Spain,NA,NA,NA,NA
1966,France,NA,NA,0.094,NA
1966,US,NA,NA,0.102,NA
1967,Canada,NA,NA,0.09,NA
1967,Australia,NA,NA,0.066,NA
1967,New-Zealand,NA,NA,0.066,NA
1967,Denmark,NA,NA,0.078,NA
1967,Italy,NA,NA,NA,NA
1967,Holland,NA,NA,0.093,NA
1967,Spain,NA,NA,NA,NA
1967,France,NA,NA,0.094,NA
1967,US,NA,NA,0.107,NA
1968,Canada,NA,NA,0.09,NA
1968,Australia,NA,NA,0.064,NA
1968,New-Zealand,NA,NA,0.067,NA
1968,Denmark,NA,NA,0.082,NA
1968,Italy,NA,NA,NA,NA
1968,Holland,NA,NA,NA,NA
1968,Spain,NA,NA,NA,NA
1968,France,NA,NA,0.088,NA
1968,US,NA,NA,0.112,NA
1969,Canada,NA,NA,0.09,NA
1969,Australia,NA,NA,0.063,NA
1969,New-Zealand,NA,NA,0.067,NA
1969,Denmark,NA,NA,NA,NA
1969,Italy,NA,NA,NA,NA
1969,Holland,NA,NA,NA,NA
1969,Spain,NA,NA,NA,NA
1969,France,NA,NA,0.086,NA
1969,US,NA,NA,0.104,NA
1970,Canada,NA,NA,0.09,NA
1970,Australia,NA,NA,0.059,NA
1970,New-Zealand,NA,NA,0.066,NA
1970,Denmark,NA,NA,0.082,NA
1970,Italy,NA,NA,NA,NA
1970,Holland,NA,NA,0.086,NA
1970,Spain,NA,NA,NA,NA
1971,Canada,NA,NA,0.089,NA
1971,Australia,NA,NA,0.059,NA
1971,New-Zealand,NA,NA,0.064,NA
1971,Denmark,NA,NA,0.082,NA
1971,Italy,NA,NA,NA,NA
1971,Holland,NA,NA,NA,NA
1971,Spain,NA,NA,0.075,NA
1971,France,NA,NA,0.085,NA
1971,US,NA,NA,0.094,NA
1972,Canada,NA,NA,0.088,NA
1972,Australia,NA,NA,0.061,NA
1972,New-Zealand,NA,NA,0.071,NA
1972,Denmark,NA,NA,0.082,NA
1972,Italy,NA,NA,NA,NA
1972,Holland,NA,NA,NA,NA
1972,Spain,NA,NA,NA,NA
1972,France,NA,NA,0.085,NA
1972,US,NA,NA,0.096,NA
1973,Canada,NA,NA,0.088,NA
1973,Australia,NA,NA,0.057,NA
1973,New-Zealand,NA,NA,0.075,NA
1973,Denmark,NA,NA,NA,NA
1973,Italy,NA,NA,NA,NA
1973,Holland,NA,NA,0.069,NA
1973,Spain,NA,NA,NA,NA
1973,France,NA,NA,0.089,NA
1973,US,NA,NA,0.092,NA
1974,Canada,NA,NA,0.088,NA
1974,Australia,NA,NA,0.052,NA
1974,New-Zealand,NA,NA,0.076,NA
1974,Denmark,NA,NA,0.073,NA
1974,Italy,NA,NA,0.075,NA
1974,Holland,NA,NA,NA,NA
1974,Spain,NA,NA,NA,NA
1974,France,NA,NA,0.085,NA
1974,US,NA,NA,0.091,NA
1975,Canada,NA,NA,0.087,NA
1975,Australia,NA,NA,0.051,NA
1975,New-Zealand,NA,NA,0.066,NA
1975,Denmark,NA,NA,0.068,NA
1975,Italy,NA,NA,0.072,NA
1975,Holland,NA,NA,0.061,NA
1975,Spain,NA,NA,NA,NA
1975,France,NA,NA,0.085,NA
1975,US,NA,NA,0.089,NA
1976,Canada,NA,NA,0.081,NA
1976,Australia,NA,NA,0.05,NA
1976,New-Zealand,NA,NA,0.075,NA
1976,Denmark,NA,NA,0.066,NA
1976,Italy,NA,NA,0.071,NA
1976,Holland,NA,NA,NA,NA
1976,Spain,NA,NA,NA,NA
1976,France,NA,NA,0.084,NA
1976,US,NA,NA,0.089,NA
1977,Canada,NA,NA,0.077,NA
1977,Australia,NA,NA,0.049,NA
1977,New-Zealand,NA,NA,0.061,NA
1977,Denmark,NA,NA,0.061,NA
1977,Italy,NA,NA,0.068,NA
1977,Holland,NA,NA,0.06,NA
1977,Spain,NA,NA,NA,NA
1977,France,NA,NA,0.078,NA
1977,US,NA,NA,0.09,NA
1978,Canada,NA,NA,0.076,NA
1978,Australia,NA,NA,0.049,NA
1978,New-Zealand,NA,NA,0.061,NA
1978,Denmark,NA,NA,0.058,NA
1978,Italy,NA,NA,0.067,NA
1978,Holland,NA,NA,NA,NA
1978,Spain,NA,NA,NA,NA
1978,France,NA,NA,0.078,NA
1978,US,NA,NA,0.09,NA
1979,Canada,NA,NA,0.077,NA
1979,Australia,NA,NA,0.048,NA
1979,New-Zealand,NA,NA,0.058,NA
1979,Denmark,NA,NA,0.056,NA
1979,Italy,NA,NA,0.068,NA
1979,Holland,NA,NA,NA,NA
1979,Spain,NA,NA,NA,NA
1979,France,NA,NA,0.078,NA
1979,US,NA,NA,0.1,NA
1980,Canada,NA,NA,0.081,NA
1980,Australia,NA,NA,0.048,NA
1980,New-Zealand,NA,NA,0.057,NA
1980,Denmark,NA,NA,0.055,NA
1980,Italy,NA,NA,0.069,NA
1980,Holland,NA,NA,NA,NA
1980,Spain,NA,NA,NA,NA
1981,Canada,NA,NA,0.078,NA
1981,Australia,NA,NA,0.046,NA
1981,New-Zealand,NA,NA,0.055,NA
1981,Denmark,NA,NA,0.054,NA
1981,Italy,NA,NA,0.065,NA
1981,Holland,NA,NA,0.059,NA
1981,Spain,NA,NA,0.075,NA
1981,France,NA,NA,0.076,NA
1981,US,NA,NA,0.1,NA
1982,Canada,NA,NA,0.085,NA
1982,Australia,NA,NA,0.047,NA
1982,New-Zealand,NA,NA,0.055,NA
1982,Denmark,NA,NA,0.052,NA
1982,Italy,NA,NA,0.064,NA
1982,Holland,NA,NA,NA,NA
1982,Spain,NA,NA,0.078,NA
1982,France,NA,NA,0.071,NA
1982,US,NA,NA,0.108,NA
1983,Canada,NA,NA,0.082,NA
1983,Australia,NA,NA,0.047,NA
1983,New-Zealand,NA,NA,0.057,NA
1983,Denmark,NA,NA,0.053,NA
1983,Italy,NA,NA,0.063,NA
1983,Holland,NA,NA,NA,NA
1983,Spain,NA,NA,0.077,NA
1983,France,NA,NA,0.07,NA
1983,US,NA,NA,0.116,NA
1984,Canada,NA,NA,0.083,NA
1984,Australia,NA,NA,0.048,NA
1984,New-Zealand,NA,NA,0.056,NA
1984,Denmark,NA,NA,0.053,NA
1984,Italy,NA,NA,0.065,NA
1984,Holland,NA,NA,NA,NA
1984,Spain,NA,NA,0.076,NA
1984,France,NA,NA,0.07,NA
1984,US,NA,NA,0.12,NA
1985,Canada,NA,NA,0.082,NA
1985,Australia,NA,NA,0.05,NA
1985,New-Zealand,NA,NA,0.055,NA
1985,Denmark,NA,NA,0.052,NA
1985,Italy,NA,NA,0.068,NA
1985,Holland,NA,NA,0.059,NA
1985,Spain,NA,NA,0.078,NA
1985,France,NA,NA,0.072,NA
1985,US,NA,NA,0.127,NA
1986,Canada,NA,NA,0.082,NA
1986,Australia,NA,NA,0.054,NA
1986,New-Zealand,NA,NA,0.049,NA
1986,Denmark,NA,NA,0.052,NA
1986,Italy,NA,NA,0.071,NA
1986,Holland,NA,NA,NA,NA
1986,Spain,NA,NA,0.082,NA
1986,France,NA,NA,0.074,NA
1986,US,NA,NA,0.159,NA
1987,Canada,NA,NA,0.084,NA
1987,Australia,NA,NA,0.067,NA
1987,New-Zealand,NA,NA,0.055,NA
1987,Denmark,NA,NA,0.052,NA
1987,Italy,NA,NA,0.075,NA
1987,Holland,NA,NA,NA,NA
1987,Spain,NA,NA,0.084,NA
1987,France,NA,NA,0.078,NA
1987,US,NA,NA,0.127,NA
1988,Canada,NA,NA,0.093,NA
1988,Australia,NA,NA,0.079,NA
1988,New-Zealand,NA,NA,0.054,NA
1988,Denmark,NA,NA,0.052,NA
1988,Italy,NA,NA,0.076,NA
1988,Holland,NA,NA,NA,NA
1988,Spain,NA,NA,0.084,NA
1988,France,NA,NA,0.079,NA
1988,US,NA,NA,0.155,NA
1989,Canada,NA,NA,0.1,NA
1989,Australia,NA,NA,0.064,NA
1989,New-Zealand,NA,NA,0.066,NA
1989,Denmark,NA,NA,0.052,NA
1989,Italy,NA,NA,0.078,NA
1989,Holland,NA,NA,0.057,NA
1989,Spain,NA,NA,0.085,NA
1989,France,NA,NA,0.082,NA
1989,US,NA,NA,0.145,NA
1990,Canada,NA,NA,0.094,NA
1990,Australia,NA,NA,0.063,NA
1990,New-Zealand,NA,NA,0.082,NA
1990,Denmark,NA,NA,0.052,NA
1990,Italy,NA,NA,0.078,NA
1990,Holland,NA,NA,0.056,NA
1990,Spain,NA,NA,0.084,NA
1991,Canada,NA,NA,0.094,NA
1991,Australia,NA,NA,0.064,NA
1991,New-Zealand,NA,NA,0.08,NA
1991,Denmark,NA,NA,0.05,NA
1991,Italy,NA,NA,0.078,NA
1991,Holland,NA,NA,0.055,NA
1991,Spain,NA,NA,0.081,NA
1991,France,NA,NA,0.08,NA
1991,US,NA,NA,0.134,NA
1992,Canada,NA,NA,0.093,NA
1992,Australia,NA,NA,0.066,NA
1992,New-Zealand,NA,NA,0.084,NA
1992,Denmark,NA,NA,0.05,NA
1992,Italy,NA,NA,0.078,NA
1992,Holland,NA,NA,0.055,NA
1992,Spain,NA,NA,0.082,NA
1992,France,NA,NA,0.078,NA
1992,US,NA,NA,0.147,NA
1993,Canada,NA,NA,0.096,NA
1993,Australia,NA,NA,0.07,NA
1993,New-Zealand,NA,NA,0.088,NA
1993,Denmark,NA,NA,0.051,NA
1993,Italy,NA,NA,0.079,NA
1993,Holland,NA,NA,0.052,NA
1993,Spain,NA,NA,0.078,NA
1993,France,NA,NA,0.077,NA
1993,US,NA,NA,0.142,NA
1994,Canada,NA,NA,0.096,NA
1994,Australia,NA,NA,0.071,NA
1994,New-Zealand,NA,NA,0.09,NA
1994,Denmark,NA,NA,0.05,NA
1994,Italy,NA,NA,0.08,NA
1994,Holland,NA,NA,0.053,NA
1994,Spain,NA,NA,0.079,NA
1994,France,NA,NA,0.077,NA
1994,US,NA,NA,0.142,NA
1995,Canada,NA,NA,0.1,NA
1995,Australia,NA,NA,0.072,NA
1995,New-Zealand,NA,NA,0.09,NA
1995,Denmark,NA,NA,0.05,NA
1995,Italy,NA,NA,0.081,NA
1995,Holland,NA,NA,0.054,NA
1995,Spain,NA,NA,0.079,NA
1995,France,NA,NA,0.077,NA
1995,US,NA,NA,0.152,NA
1996,Canada,NA,NA,0.105,NA
1996,Australia,NA,NA,0.072,NA
1996,New-Zealand,NA,NA,0.089,NA
1996,Denmark,NA,NA,0.051,NA
1996,Italy,NA,NA,NA,NA
1996,Holland,NA,NA,0.054,NA
1996,Spain,NA,NA,0.079,NA
1996,France,NA,NA,0.077,NA
1996,US,NA,NA,0.167,NA
1997,Canada,NA,NA,0.113,NA
1997,Australia,NA,NA,0.078,NA
1997,New-Zealand,NA,NA,0.092,NA
1997,Denmark,NA,NA,0.052,NA
1997,Italy,NA,NA,NA,NA
1997,Holland,NA,NA,0.055,NA
1997,Spain,NA,NA,0.079,NA
1997,France,NA,NA,0.078,NA
1997,US,NA,NA,0.18,NA
1998,Canada,NA,NA,0.118,NA
1998,Australia,NA,NA,0.078,NA
1998,New-Zealand,NA,NA,0.102,NA
1998,Denmark,NA,NA,0.054,NA
1998,Italy,NA,NA,0.087,NA
1998,Holland,NA,NA,0.053,NA
1998,Spain,NA,NA,0.081,NA
1998,France,NA,NA,0.079,NA
1998,US,NA,NA,0.191,NA
1999,Canada,NA,NA,0.12,NA
1999,Australia,NA,NA,0.088,NA
1999,New-Zealand,NA,NA,0.108,NA
1999,Denmark,NA,NA,0.055,NA
1999,Italy,NA,NA,0.088,NA
1999,Holland,NA,NA,0.054,NA
1999,Spain,NA,NA,0.085,NA
1999,France,NA,NA,0.082,NA
1999,US,NA,NA,0.2,NA
2000,Canada,NA,NA,0.128,NA
2000,Australia,NA,NA,0.09,NA
2000,New-Zealand,NA,NA,0.083,NA
2000,Denmark,NA,NA,0.057,NA
2000,Italy,NA,NA,0.091,NA
2000,Holland,NA,NA,NA,NA
2000,Spain,NA,NA,0.087,NA
2001,Canada,NA,NA,0.127,NA
2001,Australia,NA,NA,0.083,NA
2001,New-Zealand,NA,NA,0.087,NA
2001,Denmark,NA,NA,0.056,NA
2001,Italy,NA,NA,0.093,NA
2001,Holland,NA,NA,NA,NA
2001,Spain,NA,NA,0.086,NA
2001,France,NA,NA,0.084,NA
2001,US,NA,NA,0.182,NA
2002,Canada,NA,NA,0.124,NA
2002,Australia,NA,NA,0.088,NA
2002,New-Zealand,NA,NA,0.088,NA
2002,Denmark,NA,NA,0.056,NA
2002,Italy,NA,NA,0.093,NA
2002,Holland,NA,NA,NA,NA
2002,Spain,NA,NA,0.083,NA
2002,France,NA,NA,0.085,NA
2002,US,NA,NA,0.169,NA
2003,Canada,NA,NA,0.123,NA
2003,Australia,NA,NA,0.092,NA
2003,New-Zealand,NA,NA,0.093,NA
2003,Denmark,NA,NA,0.055,NA
2003,Italy,NA,NA,0.094,NA
2003,Holland,NA,NA,NA,NA
2003,Spain,NA,NA,0.085,NA
2003,France,NA,NA,0.086,NA
2003,US,NA,NA,0.175,NA
2004,Canada,NA,NA,0.127,NA
2004,Australia,NA,NA,0.089,NA
2004,New-Zealand,NA,NA,0.099,NA
2004,Denmark,NA,NA,0.056,NA
2004,Italy,NA,NA,0.093,NA
2004,Holland,NA,NA,NA,NA
2004,Spain,NA,NA,0.086,NA
2004,France,NA,NA,0.087,NA
2004,US,NA,NA,0.198,NA
2005,Canada,NA,NA,0.131,NA
2005,Australia,NA,NA,0.091,NA
2005,New-Zealand,NA,NA,0.095,NA
2005,Denmark,NA,NA,0.058,NA
2005,Italy,NA,NA,0.094,NA
2005,Holland,NA,NA,NA,NA
2005,Spain,NA,NA,0.087,NA
2005,France,NA,NA,0.087,NA
2005,US,NA,NA,0.219,NA
2006,Canada,NA,NA,0.137,NA
2006,Australia,NA,NA,0.101,NA
2006,New-Zealand,NA,NA,0.089,NA
2006,Denmark,NA,NA,0.059,NA
2006,Italy,NA,NA,0.097,NA
2006,Holland,NA,NA,NA,NA
2006,Spain,NA,NA,0.09,NA
2006,France,NA,NA,0.089,NA
2006,US,NA,NA,0.228,NA
2007,Canada,NA,NA,0.137,NA
2007,Australia,NA,NA,0.098,NA
2007,New-Zealand,NA,NA,0.085,NA
2007,Denmark,NA,NA,0.061,NA
2007,Italy,NA,NA,0.099,NA
2007,Holland,NA,NA,NA,NA
2007,Spain,NA,NA,0.089,NA
2007,France,NA,NA,0.093,NA
2007,US,NA,NA,0.235,NA
2008,Canada,NA,NA,0.131,NA
2008,Australia,NA,NA,0.086,NA
2008,New-Zealand,NA,NA,0.089,NA
2008,Denmark,NA,NA,0.061,NA
2008,Italy,NA,NA,0.097,NA
2008,Holland,NA,NA,NA,NA
2008,Spain,NA,NA,0.086,NA
2008,France,NA,NA,0.088,NA
2008,US,NA,NA,0.21,NA
2009,Canada,NA,NA,0.123,NA
2009,Australia,NA,NA,0.092,NA
2009,New-Zealand,NA,NA,0.082,NA
2009,Denmark,NA,NA,0.054,NA
2009,Italy,NA,NA,0.094,NA
2009,Holland,NA,NA,NA,NA
2009,Spain,NA,NA,0.085,NA
2009,France,NA,NA,0.084,NA
2009,US,NA,NA,0.181,NA
2010,Canada,NA,NA,0.123,NA
2010,Australia,NA,NA,NA,NA
2010,New-Zealand,NA,NA,NA,NA
2010,Denmark,NA,NA,0.064,NA
2010,Italy,NA,NA,NA,NA
2010,Holland,NA,NA,NA,NA
2010,Spain,NA,NA,NA,NA
1900,Germany,NA,NA,NA,0.45
1901,UK,NA,NA,NA,NA
1901,Germany,NA,NA,NA,NA
1901,Sweden,NA,NA,NA,NA
1902,UK,NA,NA,NA,NA
1902,Germany,NA,NA,NA,NA
1902,Sweden,NA,NA,NA,NA
1903,UK,NA,NA,NA,NA
1903,Germany,NA,NA,NA,NA
1903,Sweden,NA,NA,NA,NA
1904,UK,NA,NA,NA,NA
1904,Germany,NA,NA,NA,NA
1904,Sweden,NA,NA,NA,NA
1905,UK,NA,NA,NA,NA
1905,Germany,NA,NA,NA,NA
1905,Sweden,NA,NA,NA,NA
1906,UK,NA,NA,NA,NA
1906,Germany,NA,NA,NA,NA
1906,Sweden,NA,NA,NA,NA
1907,UK,NA,NA,NA,NA
1907,Germany,NA,NA,NA,NA
1907,Sweden,NA,NA,NA,NA
1908,UK,NA,NA,NA,NA
1908,Germany,NA,NA,NA,NA
1908,Sweden,NA,NA,NA,NA
1909,UK,NA,NA,NA,NA
1909,Germany,NA,NA,NA,NA
1909,Sweden,NA,NA,NA,NA
1910,Germany,NA,NA,NA,0.44
1911,UK,NA,NA,NA,NA
1911,Germany,NA,NA,NA,NA
1911,Sweden,NA,NA,NA,NA
1912,UK,NA,NA,NA,NA
1912,Germany,NA,NA,NA,NA
1912,Sweden,NA,NA,NA,NA
1913,UK,NA,NA,NA,NA
1913,Germany,NA,NA,NA,NA
1913,Sweden,NA,NA,NA,NA
1914,UK,NA,NA,NA,NA
1914,Germany,NA,NA,NA,NA
1914,Sweden,NA,NA,NA,NA
1915,UK,NA,NA,NA,NA
1915,Germany,NA,NA,NA,NA
1915,Sweden,NA,NA,NA,NA
1916,UK,NA,NA,NA,NA
1916,Germany,NA,NA,NA,NA
1916,Sweden,NA,NA,NA,NA
1917,UK,NA,NA,NA,NA
1917,Germany,NA,NA,NA,NA
1917,Sweden,NA,NA,NA,NA
1918,UK,NA,NA,NA,NA
1918,Germany,NA,NA,NA,NA
1918,Sweden,NA,NA,NA,NA
1919,UK,NA,NA,NA,NA
1919,Germany,NA,NA,NA,NA
1919,Sweden,NA,NA,NA,NA
1920,Germany,NA,NA,NA,0.39
1921,UK,NA,NA,NA,NA
1921,Germany,NA,NA,NA,NA
1921,Sweden,NA,NA,NA,NA
1922,UK,NA,NA,NA,NA
1922,Germany,NA,NA,NA,NA
1922,Sweden,NA,NA,NA,NA
1923,UK,NA,NA,NA,NA
1923,Germany,NA,NA,NA,NA
1923,Sweden,NA,NA,NA,NA
1924,UK,NA,NA,NA,NA
1924,Germany,NA,NA,NA,NA
1924,Sweden,NA,NA,NA,NA
1925,UK,NA,NA,NA,NA
1925,Germany,NA,NA,NA,NA
1925,Sweden,NA,NA,NA,NA
1926,UK,NA,NA,NA,NA
1926,Germany,NA,NA,NA,NA
1926,Sweden,NA,NA,NA,NA
1927,UK,NA,NA,NA,NA
1927,Germany,NA,NA,NA,NA
1927,Sweden,NA,NA,NA,NA
1928,UK,NA,NA,NA,NA
1928,Germany,NA,NA,NA,NA
1928,Sweden,NA,NA,NA,NA
1929,UK,NA,NA,NA,NA
1929,Germany,NA,NA,NA,NA
1929,Sweden,NA,NA,NA,NA
1930,Germany,NA,NA,NA,0.42
1931,UK,NA,NA,NA,NA
1931,Germany,NA,NA,NA,NA
1931,Sweden,NA,NA,NA,NA
1932,UK,NA,NA,NA,NA
1932,Germany,NA,NA,NA,NA
1932,Sweden,NA,NA,NA,NA
1933,UK,NA,NA,NA,NA
1933,Germany,NA,NA,NA,NA
1933,Sweden,NA,NA,NA,NA
1934,UK,NA,NA,NA,NA
1934,Germany,NA,NA,NA,NA
1934,Sweden,NA,NA,NA,NA
1935,UK,NA,NA,NA,NA
1935,Germany,NA,NA,NA,NA
1935,Sweden,NA,NA,NA,NA
1936,UK,NA,NA,NA,NA
1936,Germany,NA,NA,NA,NA
1936,Sweden,NA,NA,NA,NA
1937,UK,NA,NA,NA,NA
1937,Germany,NA,NA,NA,NA
1937,Sweden,NA,NA,NA,NA
1938,UK,NA,NA,NA,NA
1938,Germany,NA,NA,NA,NA
1938,Sweden,NA,NA,NA,NA
1939,UK,NA,NA,NA,NA
1939,Germany,NA,NA,NA,NA
1939,Sweden,NA,NA,NA,NA
1940,Germany,NA,NA,NA,0.34
1941,UK,NA,NA,NA,NA
1941,Germany,NA,NA,NA,NA
1941,Sweden,NA,NA,NA,NA
1942,UK,NA,NA,NA,NA
1942,Germany,NA,NA,NA,NA
1942,Sweden,NA,NA,NA,NA
1943,UK,NA,NA,NA,NA
1943,Germany,NA,NA,NA,NA
1943,Sweden,NA,NA,NA,NA
1944,UK,NA,NA,NA,NA
1944,Germany,NA,NA,NA,NA
1944,Sweden,NA,NA,NA,NA
1945,UK,NA,NA,NA,NA
1945,Germany,NA,NA,NA,NA
1945,Sweden,NA,NA,NA,NA
1946,UK,NA,NA,NA,NA
1946,Germany,NA,NA,NA,NA
1946,Sweden,NA,NA,NA,NA
1947,UK,NA,NA,NA,NA
1947,Germany,NA,NA,NA,NA
1947,Sweden,NA,NA,NA,NA
1948,UK,NA,NA,NA,NA
1948,Germany,NA,NA,NA,NA
1948,Sweden,NA,NA,NA,NA
1949,UK,NA,NA,NA,NA
1949,Germany,NA,NA,NA,NA
1949,Sweden,NA,NA,NA,NA
1950,Germany,NA,NA,NA,0.33
1951,UK,NA,NA,NA,NA
1951,Germany,NA,NA,NA,NA
1951,Sweden,NA,NA,NA,NA
1952,UK,NA,NA,NA,NA
1952,Germany,NA,NA,NA,NA
1952,Sweden,NA,NA,NA,NA
1953,UK,NA,NA,NA,NA
1953,Germany,NA,NA,NA,NA
1953,Sweden,NA,NA,NA,NA
1954,UK,NA,NA,NA,NA
1954,Germany,NA,NA,NA,NA
1954,Sweden,NA,NA,NA,NA
1955,UK,NA,NA,NA,NA
1955,Germany,NA,NA,NA,NA
1955,Sweden,NA,NA,NA,NA
1956,UK,NA,NA,NA,NA
1956,Germany,NA,NA,NA,NA
1956,Sweden,NA,NA,NA,NA
1957,UK,NA,NA,NA,NA
1957,Germany,NA,NA,NA,NA
1957,Sweden,NA,NA,NA,NA
1958,UK,NA,NA,NA,NA
1958,Germany,NA,NA,NA,NA
1958,Sweden,NA,NA,NA,NA
1959,UK,NA,NA,NA,NA
1959,Germany,NA,NA,NA,NA
1959,Sweden,NA,NA,NA,NA
1960,Germany,NA,NA,NA,0.31
1961,UK,NA,NA,NA,NA
1961,Germany,NA,NA,NA,NA
1961,Sweden,NA,NA,NA,NA
1962,UK,NA,NA,NA,NA
1962,Germany,NA,NA,NA,NA
1962,Sweden,NA,NA,NA,NA
1963,UK,NA,NA,NA,NA
1963,Germany,NA,NA,NA,NA
1963,Sweden,NA,NA,NA,NA
1964,UK,NA,NA,NA,NA
1964,Germany,NA,NA,NA,NA
1964,Sweden,NA,NA,NA,NA
1965,UK,NA,NA,NA,NA
1965,Germany,NA,NA,NA,NA
1965,Sweden,NA,NA,NA,NA
1966,UK,NA,NA,NA,NA
1966,Germany,NA,NA,NA,NA
1966,Sweden,NA,NA,NA,NA
1967,UK,NA,NA,NA,NA
1967,Germany,NA,NA,NA,NA
1967,Sweden,NA,NA,NA,NA
1968,UK,NA,NA,NA,NA
1968,Germany,NA,NA,NA,NA
1968,Sweden,NA,NA,NA,NA
1969,UK,NA,NA,NA,NA
1969,Germany,NA,NA,NA,NA
1969,Sweden,NA,NA,NA,NA
1970,Germany,NA,NA,NA,0.31
1971,UK,NA,NA,NA,NA
1971,Germany,NA,NA,NA,NA
1971,Sweden,NA,NA,NA,NA
1972,UK,NA,NA,NA,NA
1972,Germany,NA,NA,NA,NA
1972,Sweden,NA,NA,NA,NA
1973,UK,NA,NA,NA,NA
1973,Germany,NA,NA,NA,NA
1973,Sweden,NA,NA,NA,NA
1974,UK,NA,NA,NA,NA
1974,Germany,NA,NA,NA,NA
1974,Sweden,NA,NA,NA,NA
1975,UK,NA,NA,NA,NA
1975,Germany,NA,NA,NA,NA
1975,Sweden,NA,NA,NA,NA
1976,UK,NA,NA,NA,NA
1976,Germany,NA,NA,NA,NA
1976,Sweden,NA,NA,NA,NA
1977,UK,NA,NA,NA,NA
1977,Germany,NA,NA,NA,NA
1977,Sweden,NA,NA,NA,NA
1978,UK,NA,NA,NA,NA
1978,Germany,NA,NA,NA,NA
1978,Sweden,NA,NA,NA,NA
1979,UK,NA,NA,NA,NA
1979,Germany,NA,NA,NA,NA
1979,Sweden,NA,NA,NA,NA
1980,Germany,NA,NA,NA,0.32
1981,UK,NA,NA,NA,NA
1981,Germany,NA,NA,NA,NA
1981,Sweden,NA,NA,NA,NA
1982,UK,NA,NA,NA,NA
1982,Germany,NA,NA,NA,NA
1982,Sweden,NA,NA,NA,NA
1983,UK,NA,NA,NA,NA
1983,Germany,NA,NA,NA,NA
1983,Sweden,NA,NA,NA,NA
1984,UK,NA,NA,NA,NA
1984,Germany,NA,NA,NA,NA
1984,Sweden,NA,NA,NA,NA
1985,UK,NA,NA,NA,NA
1985,Germany,NA,NA,NA,NA
1985,Sweden,NA,NA,NA,NA
1986,UK,NA,NA,NA,NA
1986,Germany,NA,NA,NA,NA
1986,Sweden,NA,NA,NA,NA
1987,UK,NA,NA,NA,NA
1987,Germany,NA,NA,NA,NA
1987,Sweden,NA,NA,NA,NA
1988,UK,NA,NA,NA,NA
1988,Germany,NA,NA,NA,NA
1988,Sweden,NA,NA,NA,NA
1989,UK,NA,NA,NA,NA
1989,Germany,NA,NA,NA,NA
1989,Sweden,NA,NA,NA,NA
1990,Germany,NA,NA,NA,0.34
1991,UK,NA,NA,NA,NA
1991,Germany,NA,NA,NA,NA
1991,Sweden,NA,NA,NA,NA
1992,UK,NA,NA,NA,NA
1992,Germany,NA,NA,NA,NA
1992,Sweden,NA,NA,NA,NA
1993,UK,NA,NA,NA,NA
1993,Germany,NA,NA,NA,NA
1993,Sweden,NA,NA,NA,NA
1994,UK,NA,NA,NA,NA
1994,Germany,NA,NA,NA,NA
1994,Sweden,NA,NA,NA,NA
1995,UK,NA,NA,NA,NA
1995,Germany,NA,NA,NA,NA
1995,Sweden,NA,NA,NA,NA
1996,UK,NA,NA,NA,NA
1996,Germany,NA,NA,NA,NA
1996,Sweden,NA,NA,NA,NA
1997,UK,NA,NA,NA,NA
1997,Germany,NA,NA,NA,NA
1997,Sweden,NA,NA,NA,NA
1998,UK,NA,NA,NA,NA
1998,Germany,NA,NA,NA,NA
1998,Sweden,NA,NA,NA,NA
1999,UK,NA,NA,NA,NA
1999,Germany,NA,NA,NA,NA
1999,Sweden,NA,NA,NA,NA
2000,Germany,NA,NA,NA,0.36
2001,UK,NA,NA,NA,NA
2001,Germany,NA,NA,NA,NA
2001,Sweden,NA,NA,NA,NA
2002,UK,NA,NA,NA,NA
2002,Germany,NA,NA,NA,NA
2002,Sweden,NA,NA,NA,NA
2003,UK,NA,NA,NA,NA
2003,Germany,NA,NA,NA,NA
2003,Sweden,NA,NA,NA,NA
2004,UK,NA,NA,NA,NA
2004,Germany,NA,NA,NA,NA
2004,Sweden,NA,NA,NA,NA
2005,UK,NA,NA,NA,NA
2005,Germany,NA,NA,NA,NA
2005,Sweden,NA,NA,NA,NA
2006,UK,NA,NA,NA,NA
2006,Germany,NA,NA,NA,NA
2006,Sweden,NA,NA,NA,NA
2007,UK,NA,NA,NA,NA
2007,Germany,NA,NA,NA,NA
2007,Sweden,NA,NA,NA,NA
2008,UK,NA,NA,NA,NA
2008,Germany,NA,NA,NA,NA
2008,Sweden,NA,NA,NA,NA
2009,UK,NA,NA,NA,NA
2009,Germany,NA,NA,NA,NA
2009,Sweden,NA,NA,NA,NA
2010,Germany,NA,NA,NA,0.36
